{
    "Home.Labyrinth.Challenge.Defeat.0": {
        "text": "Select Pet",
        "score": 0.9581936001777649,
        "box": [
            431,
            635,
            649,
            691
        ]
    },
    "Home.Labyrinth.Challenge.Defeat.1": {
        "text": "Pet List",
        "score": 0.9861241579055786,
        "box": [
            470,
            1127,
            612,
            1168
        ]
    },
    
}